content-2IxKZg,content-1ijuZ8
title-34FfIh,title-3t5FBr
chatWheelItem-3iltzV,chatWheelItem-X28Mpd
messageContainer-2jBmi2,messageContainer-1fqX0z
clickableTarget-2ur18n,clickableTarget-38GHFo
chatWheel-TFMV85,chatWheel-16Tznl
chatWheelBackground-1M0uZ3,chatWheelBackground-15Qhhp
iconContainer-2ZuePp,iconContainer-Kb8stX
spinner-1ZmbAq,spinner-ydAtHh
buttonContainer-1GXB6V,buttonContainer-6W2Ep3
button-35RX2X,button-cO0-d9
backButtonInner-2wPXom,backButtonInner-1M1p4_
backButton-vkNmba,backButton-qEr8R1
backNotice-3z8ZkY,backNotice-3rG2q7
pill-1-w7zb,pill-3pRQlO
disabled-nViCem,disabled-3Rezaw
emoji-2WXhuW,emoji-Z6vF9e
wrapper-1FQDfJ,wrapper-34gFyM
infoWrapper-24E8uq,infoWrapper-3BmrNu
guildBoostingIconPink-MZbZzI,guildBoostingIconPink-1nDlMP
heroIcon-2oaNx0,heroIcon-1-ZUhv
heroHeader-1X9FRU,heroHeader-Rd3Npr
heroBody-LRoW5T,heroBody-1EuD4B
heroBodyHideLink-2GDMHJ,heroBodyHideLink-1-ZoDy
heroBodyLinkCTA-KURM7i,heroBodyLinkCTA-2rKO_B
heroButtons-3KdKde,heroButtons-CJvWLU
heroBody2-ERecME,heroBody2-2V9NwH
formError-1Flgk1,formError-2LXfk_
spinner-HZ2SmP,spinner-Pycf1R
shelf-f-8Zop,shelf-2B_rDY,shelf-3D6g4D
boostingTierDivider-1iou3x,boostingTierDivider-OwwE5i,boostingTierDivider-3UhNgT
boostingBadgeTooltip-3YkxJA,boostingBadgeTooltip-U7TPVO,boostingBadgeTooltip-35puk1
spinner-15A5BR,spinner-3QeLKO
icon-1g-fSh,icon-2aTVgt
loader-7s64ZV,loader-2OHNO6
contentWrapper-2sb1Vg,contentWrapper-1SIVB7
bodyText-SWWrcr,bodyText-qGu_4Q
headerAnimation-yb5pKB,headerAnimation-1dzTLu
shaker-1N31jI,shaker-bevRrZ
invoice-1A1nnh,invoice-2Y7qqb
taxInclusiveNote-37fQuZ,taxInclusiveNote-20zapC
paymentSourceWrapper-2g5NkL,paymentSourceWrapper-2Z7bt2
paymentSourceOptionalWarning-ZYyU_i,paymentSourceOptionalWarning-Oo6kNK
currencyWrapper-1Hl4BB,currencyWrapper-Qwb6WU
trialCheckbox-24xXlO,trialCheckbox-3iQKPA
trialCheckboxLabel-2FzKlL,trialCheckboxLabel-1Q66ak
reviewWarningMessageContainer-3c8L_K,reviewWarningMessageContainer-NRgZaR
reviewWarningMessage-26Me_o,reviewWarningMessage-2eAqZy
awaitingAuthenticationStep-3P0JX0,awaitingAuthenticationStep-3Pib9n
joined-9Xl_K4,joined-Mu0Ynl
spoiler-2s9WqS,spoiler-3Dan3Z
erroredPill-3AqGmL,erroredPill-EdxhQP
syntaxAfter-OxiKEl,syntaxAfter-2_BrZf
syntaxBefore-3pDAmR,syntaxBefore-3epS3C
codeBlockSyntax-2MZ-Qy,codeBlockSyntax-3mFGiA
codeBlockLang-3OMn-4,codeBlockLang-23YLvb
after_s-3lOBVJ,after_s-3p_eEb
after_spoiler-UPsrhP,after_spoiler-3awC-C
after_u-17u0aD,after_u-2Y1TwH
before_s-MDEPgL,before_s-2vJMFv
before_spoiler-3DnskU,before_spoiler-37bRrr
before_u-3MKZQ-,before_u-2I6ZwC
syntaxOverride-1mUWgW,syntaxOverride--5bVUp
before_em-1gHoun,before_em-2foAmW
after_em-pwtGpK,after_em-3XvSSp
before_inlineCode-xn8Llh,before_inlineCode-1zngJj
after_inlineCode-WydEur,after_inlineCode-2_JXPm
italics-2ZEV3r,italics-1HfeXG
underline-1AWW8Z,underline-3wzs4J
strikethrough-3ETMiA,strikethrough-OlwqlY
fakeLink-2FvUR7,fakeLink-1wGafz
inlineCode-2auMQi,inlineCode-ERyvy_
codeBlockText-311wOq,codeBlockText-28BOxV
codeLine-3a3dbd,codeLine-2C-9aH
header-292OY4,header-1N6Qea
footer-25UMNh,footer-2REuwB
footer-eJEe_p,footer-2REuwB
container-2CaPOt,container-2Dhvoc
modal-35eNaz,modal-27JxPw
description-2TA3Xo,description-1hZ66j
textContainer-2vkay8,textContainer-11vZvt
textContainer-2SdFeI,textContainer-11vZvt
errorImage-1o3iq9,errorImage-3Hh27S
backButton-ygp1_7,backButton-3a0qc1
backButton-3zQM7n,backButton-3a0qc1
splashImage-2ioHbv,splashImage-BnpuSj
settings-1Ae8jK,settings-2aAnOq
blockedPaymentsWarningIcon-2MKMxL,blockedPaymentsWarningIcon-1X2zhu
blockedPaymentsWarning-1p5z3v,blockedPaymentsWarning-T43O2z
bodyText-3q9VcS,bodyText-2xODKV
errorBody-16EWEM,errorBody-2sz9aV
promotionBodyWrapper-3l84Z6,promotionBodyWrapper-UFCNzB
promotionBody-hLyjZs,promotionBody-1sdaEe
promotionImage-7zYAaH,promotionImage-3GAbj4
promotionAccountIdentifier-2OwYUz,promotionAccountIdentifier-226s7B
promotionAccountIdentifierAvatar-2tvOF-,promotionAccountIdentifierAvatar-bHe-yT
promotionAccountIdentifierBody-3kLwMA,promotionAccountIdentifierBody-3Vx6jy
promotionAccountIdentifierError-3OoHsH,promotionAccountIdentifierError-2osLaz
promotionConfirmUpgrade-1ONCVD,promotionConfirmUpgrade-3C98Ue
sectionTitle-3KQ8Jw,sectionTitle-36FhsB
sectionTitle-3bQrDB,sectionTitle-36FhsB
roleIconContainer-2tCF-h,roleIconContainer-3h_fI-
searchBox-3lnAoo,searchBox-2ktdj3
searchBox-1c-63u,searchBox-2ktdj3
roleContainer-1im-RN,roleContainer-iq-7kI
roleContainer-2JecMi,roleContainer-iq-7kI
memberDetails-3eRQ0o,memberDetails-3OtREV
memberDetails-1WuhMe,memberDetails-3OtREV
roleNameContainer-30iyUQ,roleNameContainer-1vRTI3,roleNameContainer-3vlnQs
checkBox-Wrwyf4,checkBox-utPYz4
checkBox-VgOO7A,checkBox-utPYz4
username-1G1p7c,username-2ZQ-OO
messageContent-3-GATw,messageContent-AOO2_R
mainContainer-3M-bJE,mainContainer-yxgti4
toggled-1UJTjm,toggled-2xgTJ7,toggled-35JcVc
container-1pMEoC,container-MWOWIU
separator-1R_Zrp,separator-2FgtBa
colorGreen-2YU4w4,colorGreen-pAT2NS
popout-3qrSGT,popout-tYlJpI
phoneFieldPopout-3O-1C3,phoneFieldPopout-uW3DlO
phoneFieldScroller-2DblLb,phoneFieldScroller-e7_1Vz
countryItem-2d-VQF,countryItem-2K0QWx
countryName-2VZPzo,countryName-nuRBi4
countryCode-geijl7,countryCode-13yxDm
outerContainer-3jAq9y,outerContainer-3K0qtG
innerContainer-1xzAzu,innerContainer-1Kc4mA
countryCode-5htqQm,countryCode-3zT9Fk
title-30eova,title-1v5ZfI
container-2CqxMS,container-JhuCwn
form-OAMK3y,form-25Aujy
titleContainer-18C-Xq,titleContainer-2YK93J
avatarContainer-2yrOu-,avatarContainer-2EcK_l
channelTextArea-YhuQ2V,channelTextArea-3xG1BQ
characterCount-3OZ0lx,characterCount-3Zm5Bi
controls-2hviGD,controls-3EanmI
authorName-16J7FP,authorName-2l-7Vj
collapsed-2g44BS,collapsed-23aTv6
channelTextAreaInner-1iN6-i,channelTextAreaInner-2_mflx
bodyContainer-1ZBweu,bodyContainer-3GUwqv
authorContainer-16x3Qr,authorContainer-3m1uzW
controlsContainer-eyHd9e,controlsContainer-2BcSvj
submitButton-I8lDDQ,submitButton-3B-dZd
mediaButton-3EqVVW,mediaButton-3lZSdn
submitIcon-3nXhh2,submitIcon-E3Vuaz
spinner-1V3aLZ,spinner-2XsC6n
checkbox-1y-e6o,checkbox-2fvfgP
list-1uSVgu,list-3YHPPb
infoIcon-1e7et-,infoIcon-10qMub
tabBar-3N44FC,tabBar-3mN8j3
channel-3RR50j,channel-TWuMcg
channelName-27zvh6,channelName-gdUW20
avatarContainer-1TJ1CM,avatarContainer-3XEAP7
channelMain-39wPAZ,channelMain-3RpIax
channelDetails-15Nf5E,channelDetails-3LGfRu
channelIconContainer-573htL,channelIconContainer-kiLMDF
channelText-1TgY8x,channelText-FWEPYa,channelText-VHXKLi
typingIndicator-3_vGDY,typingIndicator-KF8hGa
previewContainer-dcBFPm,previewContainer-3BJM_S
previewImage-1gf9cy,previewImage-3iGFig
previewHover-3FKO4A,previewHover--hT3kb
previewButton-2-nDD7,previewButton-R2zhrl
previewName-3b0aGP,previewName-jZBH04
icon-6pFfR4,icon-2QHfp-
activeThreadsList-c8qlqZ,activeThreadsList-12IFYm
tab-1tp4jL,tab-NeJwWY
active-3WMEyE,active-3lYXqO
moderatorView-5gEW58,moderatorView-MerZDr
headerContainer-2mQMNG,headerContainer-3Hja2u
section-1qc3EL,section-3xOOsh
playIcon-2JPDDI,playIcon-357xhW
playButton-MA04Vz,playButton-3dIRqd
placeholderImage-29DFSm,placeholderImage-3lpg8d
image-y2vgKP,image-3RZhT1
subtitle-1yRUGt,subtitle-1bdJT7
title-1orF05,title-1urvpi
spacedButton-1tOmFk,spacedButton-2sp6rZ
compoundTextInputContainer-20dxsg,compoundTextInputContainer-3jFYz0
browseButton-1WVsng,browseButton-2CxfRk
fakeInput-1k5JTr,fakeInput-eNynKM
body--ocj3B,body-2wLx-E
status-UkLiwJ,status-3TYC5W
divider-on9OTV,divider-2i47Qw
userPopout-mm77rr,userPopout-2j1gM4
headerNormal-2UFggf,headerNormal-3Zn_yu
setIdentityLink-2yYafh,setIdentityLink-hOFsMl
scrollerSeparator-2BbGaL,scrollerSeparator-CHLxyV
editProfileCTA-2LAx-2,editProfileCTA-1cwUxs
setIdentityOption-mSQTAp,setIdentityOption-3NAXUC
premiumPromo-2gqHS_,premiumPromo-1eKAIB
statusItemNoPadding-lYUOlK,statusItemNoPadding-3ExFcy
customStatusItem-LczKo1,customStatusItem-1qQzss
customStatusWithEmoji-KzxfvT,customStatusWithEmoji-Y8lMLP
customText-QQheEh,customText-36Uwzc
clearStatusButton-3zjYaV,clearStatusButton-GXA1lF
clearStatusIcon-1LCXsQ,clearStatusIcon-9SeHGZ
switchAccountsItem-3Sksa_,switchAccountsItem-1neGS_
switchAccountsItem-1FE5qZ,switchAccountsItem-1neGS_
switchAccountsIcon-U9gp0Z,switchAccountsIcon-36imMT
switchAccountsIcon-26lPXy,switchAccountsIcon-36imMT
container--0Z8bx,container-5N5x2A
footerContainer-Ymppw6,footerContainer-2oqEXf
footerContainer-7EAljI,footerContainer-2oqEXf
addIcon-1gr18B,addIcon-1bAe_s
footerAction-1e_V_B,footerAction-15BmNc
footerAction-Gj0K2_,footerAction-15BmNc
submitText-Kp_2uE,submitText-20lnkF
submitText-3KXrMz,submitText-20lnkF
expandButton-1AjMYF,expandButton-16yJoR
actionTextContainer-bWwoa-,actionTextContainer-v3SvgJ
actionTextHeader-yeCKjC,actionTextHeader-hqjab9
keywordsContainer-1vPWq2,keywordsContainer-2Q8Bnt
editCard-tApAHx,editCard-K9Q9mb
contentExpandContainer-16NQun,contentExpandContainer-2s0jVV
contentExpandContainer-b7VhdK,contentExpandContainer-2s0jVV
channelNotice-3CfHGl,channelNotice-K4UfZY
roleIcon--usP7O,roleIcon-1dWkrr
roleName-35qCvR,roleName-1zfJkq
popoutRoleDot-2_Nt5g,popoutRoleDot-TK8IQy
buttonsContainer-2_Hlio,buttonsContainer-3YZnb2
containerDragAfter-25h19Z,containerDragAfter-1xx-Bk
containerDragBefore-3mSl4B,containerDragBefore-1A1S_U
searchContainer-16qhPt,searchContainer-u-1vUp
createButton-1zIXm8,createButton-1ckN91
dragIcon-kQZ0Jv,dragIcon-2L691r
editButton-2P76Jg,editButton-5q1Axu
roleRow-3LoHQ6,roleRow-230vCm
helpText-10IgPC,helpText-2PnGIP
rolesTable-2Z8MuS,rolesTable-11lOYY
tableTitle-3zdrSx,tableTitle-3slKKb
dragSpacing-2GB_1h,dragSpacing-_vuty_
roleNameSpacing-2VQrKU,roleNameSpacing-ss4Ir8
memberSpacing-1RRW7k,memberSpacing-1e6OH3
buttonsSpacing-3-Z_p5,buttonsSpacing-2B-FVU
emptyRoles-35rHsg,emptyRoles-2rJGCl
emptyRolesText-30nyzO,emptyRolesText-1VCoa6
roleRowDragging-3h1vNg,roleRowDragging-k2gTPJ
shield-1jy4L2,shield-3O3NSc
lock-fUcnZO,lock-1_k2_h
subscriptionRoleIcon-d3Tk8Y,subscriptionRoleIcon-2cGhai
memberCountContainer-30IqIo,memberCountContainer-2sIXRp
person-1w1dG9,person-2z4Mcy
circleButton-33AIyY+,circleButton-2Yr5A1+
circleButton-33AIyY,circleButton-2Yr5A1
roleRowDisableHover-2TXfy-),roleRowDisableHover-3En0vy)
dragIconHidden-1PHe7V),dragIconHidden-3GWGpt)
checkbox-l597tv,checkbox-1jBQ-g
divider-2zytjz,divider-1kb8e1
divider-1fpRxS,divider-3ykJi_
channelName-1TRx85,channelName-2oq00k
channelInfo-1cvdZC,channelInfo-2MhLoR
speakerIcon-10rldA,speakerIcon-2JObAT
channelItemActivities-1ErhDy,channelItemActivities-1rwhYb
channelActivitiesText-3L1YIq,channelActivitiesText-1pk1MK
voiceUserContainer-NohtGn,voiceUserContainer-2qYxTd
checkboxContainer-3hHQ05,checkboxContainer-TRi2t3